Source File	Size	loadResources	load	generateSnapshots	load-configure	scan	loadDepInfo	loadInfo	checkR4R4B	generateNarratives	validate	loadLists	checkConformanceResources	checkConformanceResources2	checkConformanceResources3	generateLogicalMaps	validateExpressions	scanForUsageStats	checkURLsUnique	processProvenanceDetails	translate	generate1	generate2	generateLogicals	makeDependencies	generateExampleZip	generateValidationPack	scanProfilesForR5	scanExamplesForR5
/fsh-generated/resources/ImplementationGuide-ans.fhir.fr.mesures.json	21829	-	0	0	0	0	0	0	20	73	0	0	0	0	0	0	0	1	0	0	26	120	163	0	0	0	6	0	1
fsh-generated/resources/Bundle-example-mes-fr-bundle-bio-003.json	15096	7	17	0	2	0	0	0	3	2151	0	0	0	0	0	0	0	0	0	0	13	55	74	0	0	0	0	0	0
fsh-generated/resources/Bundle-example-mes-fr-bundle-body-weight.json	3487	3	5	0	0	0	0	0	0	1136	0	0	0	0	0	0	0	0	0	0	5	12	17	0	0	0	0	0	0
fsh-generated/resources/Device-example-mes-fr-phd-device-001.json	3925	2	0	0	0	0	0	0	1	6	0	0	0	0	0	0	0	0	0	0	5	10	10	0	0	0	0	0	0
fsh-generated/resources/DiagnosticReport-example-mes-fr-diagnostic-report-cholesterol-003.json	896	1	0	0	0	0	0	0	0	4	0	0	0	0	0	0	0	0	0	0	4	9	16	0	0	0	0	0	0
fsh-generated/resources/Observation-645f7341-715f-44fb-87e9-93f2e7d125a5.json	2049	1	0	0	0	0	0	0	0	186	0	0	0	0	0	0	0	0	0	0	5	7	9	0	0	0	0	0	0
fsh-generated/resources/Observation-7b166d82-27b6-4878-9765-3fe101618edf.json	1905	2	0	0	0	0	0	0	0	184	0	0	0	0	0	0	0	0	0	0	4	9	11	0	0	0	0	0	0
fsh-generated/resources/Observation-8057b6ec-1417-4f1f-9a00-b0c46e7e71b1.json	2226	2	0	0	0	0	0	0	1	2	0	0	0	0	0	0	0	0	0	0	4	9	11	0	0	0	0	0	0
fsh-generated/resources/Observation-9bd2b013-27b0-4283-aa9e-fe7a5e0c6f1e.json	1906	2	0	0	0	0	0	0	0	180	0	0	0	0	0	0	0	0	0	0	3	7	11	0	0	0	0	0	0
fsh-generated/resources/Observation-b7a049e3-c07e-4e1c-95a5-909da37f75ce.json	2046	1	0	0	0	0	0	0	0	182	0	0	0	0	0	0	0	0	0	0	2	8	9	0	0	0	0	0	1
fsh-generated/resources/Observation-example-mes-fr-observation-bmi-001.json	1076	1	0	0	0	0	0	0	1	212	0	0	0	0	0	0	0	0	0	0	1	5	8	0	0	0	0	0	0
fsh-generated/resources/Observation-example-mes-fr-observation-body-height-001.json	836	1	0	0	0	0	0	0	0	199	0	0	0	0	0	0	0	0	0	0	2	5	7	0	0	0	0	0	0
fsh-generated/resources/Observation-example-mes-fr-observation-body-temperature-001.json	871	2	0	0	0	0	0	0	0	202	0	0	0	0	0	0	0	0	0	0	1	5	7	0	0	0	0	0	0
fsh-generated/resources/Observation-example-mes-fr-observation-body-weight-001.json	1218	1	0	0	0	0	0	0	0	100	0	0	0	0	0	0	0	0	0	0	2	5	8	0	0	0	0	0	0
fsh-generated/resources/Observation-example-mes-fr-observation-bp-001.json	2674	1	0	0	0	0	0	0	0	200	0	0	0	0	0	0	0	0	0	0	1	8	15	0	0	0	0	0	0
fsh-generated/resources/Observation-example-mes-fr-observation-glucose-001.json	2228	1	0	0	1	0	0	0	1	2	0	0	0	0	0	0	0	0	0	0	2	8	10	0	0	0	0	0	0
fsh-generated/resources/Observation-example-mes-fr-observation-hb1ac-001.json	919	1	0	0	0	0	0	0	0	202	0	0	0	0	0	0	0	0	0	0	1	5	11	0	0	0	0	0	0
fsh-generated/resources/Observation-example-mes-fr-observation-head-circumference-001.json	950	1	0	0	0	0	0	0	0	99	0	0	0	0	0	0	0	0	0	0	2	5	7	0	0	0	0	0	0
fsh-generated/resources/Observation-example-mes-fr-observation-heartrate-001.json	872	1	0	0	0	0	0	0	0	198	0	0	0	0	0	0	0	0	0	0	1	5	8	0	0	0	0	1	0
fsh-generated/resources/Observation-example-mes-fr-observation-oxygen-sat-001.json	924	0	0	0	0	0	0	0	0	2	0	0	0	0	0	0	0	0	0	0	1	5	7	0	0	0	0	0	0
fsh-generated/resources/Observation-example-mes-fr-observation-pain-severity-001.json	1052	1	0	0	0	0	0	0	1	198	0	0	0	0	0	0	0	0	0	0	2	5	8	0	0	0	0	0	0
fsh-generated/resources/Observation-example-mes-fr-observation-resp-rate-001.json	836	1	0	0	0	0	0	0	0	102	0	0	0	0	0	0	0	0	0	0	1	4	8	0	0	0	0	0	0
fsh-generated/resources/Observation-example-mes-fr-observation-steps-by-day-001.json	1070	1	0	0	0	0	0	0	0	197	0	0	0	0	0	0	0	0	0	0	2	5	7	0	0	0	0	0	0
fsh-generated/resources/Observation-example-mes-fr-observation-waist-circum-001.json	1068	1	0	0	0	0	0	0	0	100	0	0	0	0	0	0	0	0	0	0	1	5	9	0	0	0	0	0	0
fsh-generated/resources/Patient-example-mes-fr-patient-001.json	1069	1	0	0	0	0	0	0	0	2	0	0	0	0	0	0	0	0	0	0	1	6	14	0	0	0	0	0	0
fsh-generated/resources/Practitioner-example-mes-fr-practitionner-001.json	634	1	0	0	0	0	0	0	1	1	0	0	0	0	0	0	0	0	0	0	2	5	7	0	0	0	0	0	0
fsh-generated/resources/StructureDefinition-mesures-bundle-flux-alimentation-biologie.json	9267	3	0	284	0	0	0	0	0	117	0	0	1	0	1	0	0	3	0	0	1	734	1685	0	0	0	32	0	2
fsh-generated/resources/StructureDefinition-mesures-bundle-flux-alimentation.json	4131	2	0	207	0	0	0	0	0	31	0	0	0	0	0	0	0	1	0	0	0	260	740	0	0	0	14	0	1
fsh-generated/resources/StructureDefinition-mesures-diagnostic-report.json	4154	2	0	16	0	0	0	0	0	26	0	0	0	0	1	0	0	0	0	0	1	131	216	0	0	0	6	0	0
fsh-generated/resources/StructureDefinition-mesures-fr-observation-bmi.json	3620	1	0	36	0	0	0	0	0	28	0	0	1	0	1	0	0	1	0	0	1	270	426	0	0	0	15	0	1
fsh-generated/resources/StructureDefinition-mesures-fr-observation-body-temperature.json	5459	2	0	34	0	0	0	0	0	96	0	0	0	0	0	0	0	1	0	0	1	316	911	0	0	0	17	1	1
fsh-generated/resources/StructureDefinition-mesures-fr-observation-body-weight.json	4706	3	0	30	0	0	0	0	0	28	0	0	0	0	1	0	0	1	0	0	1	284	552	0	0	0	16	0	1
fsh-generated/resources/StructureDefinition-mesures-fr-observation-bodyheight.json	4836	3	0	30	0	0	0	0	1	23	0	0	0	0	0	0	0	1	0	0	1	277	648	0	0	0	15	0	1
fsh-generated/resources/StructureDefinition-mesures-fr-observation-bp.json	5473	4	0	61	0	0	0	0	0	56	0	0	1	0	1	0	0	2	0	0	1	438	976	0	1	0	28	1	2
fsh-generated/resources/StructureDefinition-mesures-fr-observation-heartrate.json	5488	4	0	37	0	0	0	0	0	25	0	0	0	0	0	0	0	1	0	0	1	297	878	0	0	0	17	0	1
fsh-generated/resources/StructureDefinition-mesures-fr-observation-oxygen-sat.json	5247	3	0	33	1	0	0	0	0	24	0	0	0	0	1	0	0	1	0	0	0	299	231	0	0	0	19	0	1
fsh-generated/resources/StructureDefinition-mesures-fr-observation-resp-rate.json	3817	3	0	36	0	0	0	0	0	20	0	0	0	0	0	0	0	1	0	0	1	246	218	0	0	0	14	0	1
fsh-generated/resources/StructureDefinition-mesures-moment-of-measurement.json	1732	1	0	6	0	0	0	0	0	13	0	0	0	0	1	0	0	1	0	0	0	57	78	0	0	0	3	0	0
fsh-generated/resources/StructureDefinition-mesures-number-of-days.json	1697	2	0	2	0	0	0	0	0	5	0	0	0	0	0	0	0	0	0	0	1	30	69	0	0	0	1	0	0
fsh-generated/resources/StructureDefinition-mesures-observation-cholesterol-aspect.json	6001	3	0	18	0	0	0	0	0	21	0	0	0	0	1	0	0	0	0	0	1	238	714	0	0	0	13	1	1
fsh-generated/resources/StructureDefinition-mesures-observation-cholesterol-hdl.json	7673	2	0	29	0	0	0	0	1	25	0	0	0	0	0	0	0	1	0	0	2	282	205	0	0	0	14	0	1
fsh-generated/resources/StructureDefinition-mesures-observation-cholesterol-ldl.json	7393	3	0	141	0	0	0	0	0	34	0	0	0	0	1	0	0	1	0	0	1	264	215	0	0	0	16	0	0
fsh-generated/resources/StructureDefinition-mesures-observation-cholesterol-total.json	7403	2	0	26	0	0	0	0	0	22	0	0	1	0	0	0	0	1	0	0	1	264	189	0	1	0	16	0	1
fsh-generated/resources/StructureDefinition-mesures-observation-cholesterol-trigly.json	7263	2	0	23	0	0	0	0	0	407	0	0	0	0	1	0	0	1	0	0	1	264	175	0	0	0	14	0	1
fsh-generated/resources/StructureDefinition-mesures-observation-glucose.json	9748	2	0	29	0	0	0	0	0	84	0	0	0	0	1	0	0	1	0	0	2	353	683	0	0	0	18	0	1
fsh-generated/resources/StructureDefinition-mesures-observation-hb1ac.json	6336	2	0	33	0	0	0	0	0	83	0	0	0	0	0	0	0	1	0	0	1	295	419	0	0	0	16	0	1
fsh-generated/resources/StructureDefinition-mesures-observation-head-circumference.json	5454	2	0	27	0	0	0	0	1	47	0	0	0	0	1	0	0	1	0	0	1	266	434	0	0	0	15	0	1
fsh-generated/resources/StructureDefinition-mesures-observation-pain-severity.json	6772	2	0	26	0	0	0	0	0	74	0	0	0	0	0	0	0	1	0	0	1	300	1466	0	0	0	16	1	1
fsh-generated/resources/StructureDefinition-mesures-observation-steps-by-day.json	6200	2	0	23	0	0	0	0	0	40	0	0	1	0	1	0	0	1	0	0	1	290	415	0	0	0	15	0	1
fsh-generated/resources/StructureDefinition-mesures-observation-waist-circumference.json	5735	1	0	24	1	0	0	0	0	35	0	0	0	0	0	0	0	1	0	0	2	277	292	0	0	0	15	0	1
fsh-generated/resources/StructureDefinition-mesures-original-data.json	4295	2	0	9	0	0	0	0	0	14	0	0	0	0	1	0	0	0	0	0	1	89	102	0	0	0	4	0	0
fsh-generated/resources/StructureDefinition-mesures-reason-for-measurement.json	1383	1	0	3	0	0	0	0	0	6	0	0	0	0	0	0	0	0	0	0	0	28	64	0	0	0	1	0	0
fsh-generated/resources/ValueSet-method-glucose-vs.json	597	0	0	0	0	0	0	0	0	128	0	0	0	0	1	0	0	0	0	0	6	6	64	0	0	0	0	0	0
/fsh-generated/includes/menu.xml	3083	-	-	-	0	0	0	0	0	0	0	0	0	0	0	0	0	0	0	0	0	0	1	0	0	0	0	0	0
/fsh-generated/includes/fsh-link-references.md	4751	-	-	-	0	0	0	0	0	0	0	0	0	0	0	0	0	0	0	0	0	0	0	0	0	0	0	0	0
/input/data/features.yml	166	-	-	-	0	0	0	0	0	0	0	0	0	0	0	0	0	0	0	0	0	0	0	0	0	0	0	0	0
/input/pagecontent/construction_des_flux.md	224	-	-	-	0	0	0	0	0	0	0	0	0	0	0	0	0	0	0	0	0	0	1	0	0	0	0	0	0
/input/pagecontent/flux-alimentation-signes-vitaux.md	15715	-	-	-	0	0	0	0	0	0	0	0	0	0	0	0	0	0	0	0	0	0	1	0	0	0	0	0	0
/input/pagecontent/autres_ressources.md	0	-	-	-	0	0	0	0	0	0	0	0	0	0	0	0	0	0	0	0	0	0	0	0	0	0	0	0	0
/input/pagecontent/profils-biologie.md	3430	-	-	-	0	0	0	0	0	0	0	0	0	0	0	0	0	0	0	0	0	0	4	0	0	0	0	0	0
/input/pagecontent/profils-signes-vitaux.md	1032	-	-	-	0	0	0	0	0	0	0	0	0	0	0	0	0	0	0	0	0	0	0	0	0	0	0	0	0
/input/pagecontent/changes.md	5072	-	-	-	0	0	0	0	0	0	0	0	0	0	0	0	0	0	0	0	0	0	1	0	0	0	0	0	0
/input/pagecontent/downloads.md	1009	-	-	-	0	0	0	0	0	0	0	0	0	0	0	0	0	0	0	0	0	0	0	0	0	0	0	0	0
/input/pagecontent/Terminologies.md	8665	-	-	-	0	0	0	0	0	0	0	0	0	0	0	0	0	0	0	0	0	0	766	0	0	0	0	0	0
/input/pagecontent/Le-profil-FHIR-des-objets-connectes.md	937	-	-	-	0	0	0	0	0	0	0	0	0	0	0	0	0	0	0	0	0	0	0	0	0	0	0	0	0
/input/pagecontent/index.md	7271	-	-	-	0	0	0	0	0	0	0	0	0	0	0	0	0	0	0	0	0	0	3	0	0	0	0	0	0
/template/config	0	-	-	-	0	0	0	0	0	0	0	0	0	0	0	0	0	0	0	0	0	0	0	0	0	0	0	0	0
/template/config/_config.yml	31	-	-	-	0	0	0	0	0	0	0	0	0	0	0	0	0	0	0	0	0	0	0	0	0	0	0	0	0
/input/images	0	-	-	-	0	0	0	0	0	0	0	0	0	0	0	0	0	0	0	0	0	0	0	0	0	0	0	0	0
/input/images/schemaProfilsMES.png	389365	-	-	-	0	0	0	0	0	0	0	0	0	0	0	0	0	0	0	0	0	0	0	0	0	0	0	0	0
/input/images/ci-sis-logo.png	61365	-	-	-	0	0	0	0	0	0	0	0	0	0	0	0	0	0	0	0	0	0	0	0	0	0	0	0	0
/temp/pages/_includes/artifacts.xml	25194	-	-	-	-	-	-	-	-	-	-	-	-	-	-	-	-	-	-	-	-	-	1	0	0	0	0	0	0
